"Step","Edited GRU languages 1024 - batch_loss","Edited GRU languages 1024 - batch_loss__MIN","Edited GRU languages 1024 - batch_loss__MAX","Original GRU languages 1024 - batch_loss","Original GRU languages 1024 - batch_loss__MIN","Original GRU languages 1024 - batch_loss__MAX","Edited GRU languages 512 - batch_loss","Edited GRU languages 512 - batch_loss__MIN","Edited GRU languages 512 - batch_loss__MAX","Original GRU languages 512 - batch_loss","Original GRU languages 512 - batch_loss__MIN","Original GRU languages 512 - batch_loss__MAX","Edited GRU languages 256 - batch_loss","Edited GRU languages 256 - batch_loss__MIN","Edited GRU languages 256 - batch_loss__MAX","Original GRU languages 256 - batch_loss","Original GRU languages 256 - batch_loss__MIN","Original GRU languages 256 - batch_loss__MAX"
"23","10.198101371526718","10.198101371526718","10.198101371526718","10.03477057814598","10.03477057814598","10.03477057814598","10.059044152498245","10.059044152498245","10.059044152498245","10.26003447175026","10.26003447175026","10.26003447175026","10.294462442398071","10.294462442398071","10.294462442398071","10.875145852565765","10.875145852565765","10.875145852565765"
"47","9.608128666877747","9.608128666877747","9.608128666877747","9.364137709140778","9.364137709140778","9.364137709140778","9.428907632827759","9.428907632827759","9.428907632827759","9.32101246714592","9.32101246714592","9.32101246714592","9.31895500421524","9.31895500421524","9.31895500421524","9.305177927017212","9.305177927017212","9.305177927017212"
"71","9.551537573337555","9.551537573337555","9.551537573337555","9.243457674980164","9.243457674980164","9.243457674980164","9.355810791254044","9.355810791254044","9.355810791254044","9.164372980594635","9.164372980594635","9.164372980594635","9.171810269355774","9.171810269355774","9.171810269355774","9.12086695432663","9.12086695432663","9.12086695432663"
"95","9.539407223463058","9.539407223463058","9.539407223463058","8.91977310180664","8.91977310180664","8.91977310180664","9.232376724481583","9.232376724481583","9.232376724481583","8.938069462776184","8.938069462776184","8.938069462776184","9.199419677257538","9.199419677257538","9.199419677257538","8.971854418516159","8.971854418516159","8.971854418516159"
"119","9.52668246626854","9.52668246626854","9.52668246626854","8.692842185497284","8.692842185497284","8.692842185497284","9.28493669629097","9.28493669629097","9.28493669629097","8.784125357866287","8.784125357866287","8.784125357866287","9.17090356349945","9.17090356349945","9.17090356349945","8.878885596990585","8.878885596990585","8.878885596990585"
"143","9.422832071781158","9.422832071781158","9.422832071781158","8.49635848402977","8.49635848402977","8.49635848402977","9.263889819383621","9.263889819383621","9.263889819383621","8.77991908788681","8.77991908788681","8.77991908788681","9.065204620361328","9.065204620361328","9.065204620361328","8.771106153726578","8.771106153726578","8.771106153726578"
"167","9.422914147377014","9.422914147377014","9.422914147377014","8.30595937371254","8.30595937371254","8.30595937371254","9.234414845705032","9.234414845705032","9.234414845705032","8.76984441280365","8.76984441280365","8.76984441280365","8.933207541704178","8.933207541704178","8.933207541704178","8.703849375247955","8.703849375247955","8.703849375247955"
"191","9.390965074300766","9.390965074300766","9.390965074300766","8.106044441461563","8.106044441461563","8.106044441461563","9.156828492879868","9.156828492879868","9.156828492879868","8.62109050154686","8.62109050154686","8.62109050154686","8.794267416000366","8.794267416000366","8.794267416000366","8.595463901758194","8.595463901758194","8.595463901758194"
"215","9.30080446600914","9.30080446600914","9.30080446600914","8.026311099529266","8.026311099529266","8.026311099529266","9.119651883840561","9.119651883840561","9.119651883840561","8.38197237253189","8.38197237253189","8.38197237253189","8.669605731964111","8.669605731964111","8.669605731964111","8.45532050728798","8.45532050728798","8.45532050728798"
"239","9.30524668097496","9.30524668097496","9.30524668097496","7.89730104804039","7.89730104804039","7.89730104804039","9.045345395803452","9.045345395803452","9.045345395803452","8.182467311620712","8.182467311620712","8.182467311620712","8.484018445014954","8.484018445014954","8.484018445014954","8.322654157876968","8.322654157876968","8.322654157876968"
"263","9.307346522808075","9.307346522808075","9.307346522808075","7.7657617926597595","7.7657617926597595","7.7657617926597595","8.797167658805847","8.797167658805847","8.797167658805847","8.030865013599396","8.030865013599396","8.030865013599396","8.257695257663727","8.257695257663727","8.257695257663727","8.204347759485245","8.204347759485245","8.204347759485245"
"287","9.30473130941391","9.30473130941391","9.30473130941391","7.648594260215759","7.648594260215759","7.648594260215759","8.617522865533829","8.617522865533829","8.617522865533829","7.9151411056518555","7.9151411056518555","7.9151411056518555","8.12565553188324","8.12565553188324","8.12565553188324","8.072084218263626","8.072084218263626","8.072084218263626"
"311","9.231529593467712","9.231529593467712","9.231529593467712","7.513196289539337","7.513196289539337","7.513196289539337","8.510486036539078","8.510486036539078","8.510486036539078","7.679937422275543","7.679937422275543","7.679937422275543","7.967784583568573","7.967784583568573","7.967784583568573","7.927928060293198","7.927928060293198","7.927928060293198"
"335","9.1717968583107","9.1717968583107","9.1717968583107","7.382308185100555","7.382308185100555","7.382308185100555","8.320174783468246","8.320174783468246","8.320174783468246","7.642647236585617","7.642647236585617","7.642647236585617","7.766353785991669","7.766353785991669","7.766353785991669","7.7207735776901245","7.7207735776901245","7.7207735776901245"
"359","9.091869533061981","9.091869533061981","9.091869533061981","7.313566744327545","7.313566744327545","7.313566744327545","8.050466775894165","8.050466775894165","8.050466775894165","7.480104833841324","7.480104833841324","7.480104833841324","7.611416935920715","7.611416935920715","7.611416935920715","7.653083324432373","7.653083324432373","7.653083324432373"
"383","9.07686498761177","9.07686498761177","9.07686498761177","7.166818171739578","7.166818171739578","7.166818171739578","7.864818304777145","7.864818304777145","7.864818304777145","7.300989896059036","7.300989896059036","7.300989896059036","7.484853744506836","7.484853744506836","7.484853744506836","7.524351239204407","7.524351239204407","7.524351239204407"
"407","9.018110394477844","9.018110394477844","9.018110394477844","6.9615373611450195","6.9615373611450195","6.9615373611450195","7.5827151238918304","7.5827151238918304","7.5827151238918304","7.224991619586945","7.224991619586945","7.224991619586945","7.313249856233597","7.313249856233597","7.313249856233597","7.370032221078873","7.370032221078873","7.370032221078873"
"431","8.97406142950058","8.97406142950058","8.97406142950058","6.887533068656921","6.887533068656921","6.887533068656921","7.3470523953437805","7.3470523953437805","7.3470523953437805","6.992615222930908","6.992615222930908","6.992615222930908","7.108955383300781","7.108955383300781","7.108955383300781","7.255914211273193","7.255914211273193","7.255914211273193"
"455","8.926658511161804","8.926658511161804","8.926658511161804","6.882223606109619","6.882223606109619","6.882223606109619","7.148701637983322","7.148701637983322","7.148701637983322","6.958597540855408","6.958597540855408","6.958597540855408","6.906378775835037","6.906378775835037","6.906378775835037","7.151458889245987","7.151458889245987","7.151458889245987"
"479","8.877088844776154","8.877088844776154","8.877088844776154","6.734908908605576","6.734908908605576","6.734908908605576","6.944093942642212","6.944093942642212","6.944093942642212","6.809806138277054","6.809806138277054","6.809806138277054","6.8291632533073425","6.8291632533073425","6.8291632533073425","7.031236410140991","7.031236410140991","7.031236410140991"
"503","8.839662551879883","8.839662551879883","8.839662551879883","6.593597739934921","6.593597739934921","6.593597739934921","6.765928238630295","6.765928238630295","6.765928238630295","6.710929185152054","6.710929185152054","6.710929185152054","6.544804006814957","6.544804006814957","6.544804006814957","6.918521672487259","6.918521672487259","6.918521672487259"
"527","8.811856240034103","8.811856240034103","8.811856240034103","6.707931488752365","6.707931488752365","6.707931488752365","6.546248704195023","6.546248704195023","6.546248704195023","6.59605485200882","6.59605485200882","6.59605485200882","6.422536104917526","6.422536104917526","6.422536104917526","6.8521645069122314","6.8521645069122314","6.8521645069122314"
"551","8.762667089700699","8.762667089700699","8.762667089700699","6.511835366487503","6.511835366487503","6.511835366487503","6.244983643293381","6.244983643293381","6.244983643293381","6.414271593093872","6.414271593093872","6.414271593093872","6.255345404148102","6.255345404148102","6.255345404148102","6.703277736902237","6.703277736902237","6.703277736902237"
"575","8.702383369207382","8.702383369207382","8.702383369207382","6.387853056192398","6.387853056192398","6.387853056192398","6.08659303188324","6.08659303188324","6.08659303188324","6.306475877761841","6.306475877761841","6.306475877761841","6.032102316617966","6.032102316617966","6.032102316617966","6.5171564519405365","6.5171564519405365","6.5171564519405365"
"599","8.638025104999542","8.638025104999542","8.638025104999542","6.211169749498367","6.211169749498367","6.211169749498367","5.923814296722412","5.923814296722412","5.923814296722412","6.173045292496681","6.173045292496681","6.173045292496681","5.881559297442436","5.881559297442436","5.881559297442436","6.40464249253273","6.40464249253273","6.40464249253273"
"623","8.647109001874924","8.647109001874924","8.647109001874924","6.181666433811188","6.181666433811188","6.181666433811188","5.661152437329292","5.661152437329292","5.661152437329292","6.049153000116348","6.049153000116348","6.049153000116348","5.773279443383217","5.773279443383217","5.773279443383217","6.353835731744766","6.353835731744766","6.353835731744766"
"647","8.60687467455864","8.60687467455864","8.60687467455864","6.03363510966301","6.03363510966301","6.03363510966301","5.4588408172130585","5.4588408172130585","5.4588408172130585","5.974578022956848","5.974578022956848","5.974578022956848","5.5200454741716385","5.5200454741716385","5.5200454741716385","6.278306275606155","6.278306275606155","6.278306275606155"
"671","8.476234525442123","8.476234525442123","8.476234525442123","5.931768402457237","5.931768402457237","5.931768402457237","5.265354633331299","5.265354633331299","5.265354633331299","5.804655626416206","5.804655626416206","5.804655626416206","5.40938763320446","5.40938763320446","5.40938763320446","6.196392178535461","6.196392178535461","6.196392178535461"
"695","8.486729979515076","8.486729979515076","8.486729979515076","5.924222469329834","5.924222469329834","5.924222469329834","5.083555951714516","5.083555951714516","5.083555951714516","5.708919018507004","5.708919018507004","5.708919018507004","5.260314628481865","5.260314628481865","5.260314628481865","6.095461741089821","6.095461741089821","6.095461741089821"
"719","8.37928295135498","8.37928295135498","8.37928295135498","5.819477409124374","5.819477409124374","5.819477409124374","4.7781242579221725","4.7781242579221725","4.7781242579221725","5.531185671687126","5.531185671687126","5.531185671687126","5.135359734296799","5.135359734296799","5.135359734296799","6.082006111741066","6.082006111741066","6.082006111741066"
"743","8.362064868211746","8.362064868211746","8.362064868211746","5.703514203429222","5.703514203429222","5.703514203429222","4.471671164035797","4.471671164035797","4.471671164035797","5.426333695650101","5.426333695650101","5.426333695650101","4.943992301821709","4.943992301821709","4.943992301821709","5.953931823372841","5.953931823372841","5.953931823372841"
"767","8.272619366645813","8.272619366645813","8.272619366645813","5.631389886140823","5.631389886140823","5.631389886140823","4.3947097063064575","4.3947097063064575","4.3947097063064575","5.239774018526077","5.239774018526077","5.239774018526077","4.76913957297802","4.76913957297802","4.76913957297802","5.730049967765808","5.730049967765808","5.730049967765808"
"791","8.151971161365509","8.151971161365509","8.151971161365509","5.5547405034303665","5.5547405034303665","5.5547405034303665","4.108546435832977","4.108546435832977","4.108546435832977","5.095750421285629","5.095750421285629","5.095750421285629","4.612925440073013","4.612925440073013","4.612925440073013","5.675022467970848","5.675022467970848","5.675022467970848"
"815","8.091560244560242","8.091560244560242","8.091560244560242","5.46001760661602","5.46001760661602","5.46001760661602","3.8974498510360718","3.8974498510360718","3.8974498510360718","4.967078864574432","4.967078864574432","4.967078864574432","4.473197236657143","4.473197236657143","4.473197236657143","5.596955940127373","5.596955940127373","5.596955940127373"
"839","8.022983431816101","8.022983431816101","8.022983431816101","5.387512892484665","5.387512892484665","5.387512892484665","3.6865184158086777","3.6865184158086777","3.6865184158086777","4.764710515737534","4.764710515737534","4.764710515737534","4.263318419456482","4.263318419456482","4.263318419456482","5.410118743777275","5.410118743777275","5.410118743777275"
"863","7.967388153076172","7.967388153076172","7.967388153076172","5.25700256228447","5.25700256228447","5.25700256228447","3.544452205300331","3.544452205300331","3.544452205300331","4.6888552606105804","4.6888552606105804","4.6888552606105804","4.086701020598412","4.086701020598412","4.086701020598412","5.351631984114647","5.351631984114647","5.351631984114647"
"887","7.8819683492183685","7.8819683492183685","7.8819683492183685","5.203704074025154","5.203704074025154","5.203704074025154","3.3367415741086006","3.3367415741086006","3.3367415741086006","4.5217988938093185","4.5217988938093185","4.5217988938093185","3.9734498411417007","3.9734498411417007","3.9734498411417007","5.2384138107299805","5.2384138107299805","5.2384138107299805"
"911","7.745243787765503","7.745243787765503","7.745243787765503","5.043643727898598","5.043643727898598","5.043643727898598","3.219701439142227","3.219701439142227","3.219701439142227","4.528243526816368","4.528243526816368","4.528243526816368","3.7305530458688736","3.7305530458688736","3.7305530458688736","5.171448588371277","5.171448588371277","5.171448588371277"
"935","7.751200586557388","7.751200586557388","7.751200586557388","5.044958651065826","5.044958651065826","5.044958651065826","2.8637289255857468","2.8637289255857468","2.8637289255857468","4.249568700790405","4.249568700790405","4.249568700790405","3.643799513578415","3.643799513578415","3.643799513578415","5.0168023854494095","5.0168023854494095","5.0168023854494095"
"959","7.582721173763275","7.582721173763275","7.582721173763275","4.980611279606819","4.980611279606819","4.980611279606819","2.672699436545372","2.672699436545372","2.672699436545372","4.227129682898521","4.227129682898521","4.227129682898521","3.4524312019348145","3.4524312019348145","3.4524312019348145","4.975570857524872","4.975570857524872","4.975570857524872"
"983","7.545914560556412","7.545914560556412","7.545914560556412","4.874338045716286","4.874338045716286","4.874338045716286","2.461392879486084","2.461392879486084","2.461392879486084","4.066998526453972","4.066998526453972","4.066998526453972","3.4238133877515793","3.4238133877515793","3.4238133877515793","4.850622683763504","4.850622683763504","4.850622683763504"
"1007","7.440008789300919","7.440008789300919","7.440008789300919","4.820230007171631","4.820230007171631","4.820230007171631","2.3030115962028503","2.3030115962028503","2.3030115962028503","3.9061399102211","3.9061399102211","3.9061399102211","3.230092465877533","3.230092465877533","3.230092465877533","4.778936594724655","4.778936594724655","4.778936594724655"
"1031","7.427052617073059","7.427052617073059","7.427052617073059","4.700350716710091","4.700350716710091","4.700350716710091","2.260089173913002","2.260089173913002","2.260089173913002","3.7153394371271133","3.7153394371271133","3.7153394371271133","3.1791868656873703","3.1791868656873703","3.1791868656873703","4.82424296438694","4.82424296438694","4.82424296438694"
"1055","7.355368971824646","7.355368971824646","7.355368971824646","4.601661890745163","4.601661890745163","4.601661890745163","2.0586401745676994","2.0586401745676994","2.0586401745676994","3.571527734398842","3.571527734398842","3.571527734398842","2.992320418357849","2.992320418357849","2.992320418357849","4.809451937675476","4.809451937675476","4.809451937675476"
"1079","7.23015233874321","7.23015233874321","7.23015233874321","4.537735864520073","4.537735864520073","4.537735864520073","2.0142532289028168","2.0142532289028168","2.0142532289028168","3.484004855155945","3.484004855155945","3.484004855155945","2.8324884846806526","2.8324884846806526","2.8324884846806526","4.556751176714897","4.556751176714897","4.556751176714897"
"1103","7.211619347333908","7.211619347333908","7.211619347333908","4.421242043375969","4.421242043375969","4.421242043375969","1.7746160365641117","1.7746160365641117","1.7746160365641117","3.4053671061992645","3.4053671061992645","3.4053671061992645","2.7156119346618652","2.7156119346618652","2.7156119346618652","4.468733221292496","4.468733221292496","4.468733221292496"
"1127","7.115534454584122","7.115534454584122","7.115534454584122","4.346383646130562","4.346383646130562","4.346383646130562","1.7301885969936848","1.7301885969936848","1.7301885969936848","3.2528983503580093","3.2528983503580093","3.2528983503580093","2.5938301384449005","2.5938301384449005","2.5938301384449005","4.445529967546463","4.445529967546463","4.445529967546463"
"1151","7.029012084007263","7.029012084007263","7.029012084007263","4.212300881743431","4.212300881743431","4.212300881743431","1.6217018887400627","1.6217018887400627","1.6217018887400627","3.134703427553177","3.134703427553177","3.134703427553177","2.5784647539258003","2.5784647539258003","2.5784647539258003","4.272497832775116","4.272497832775116","4.272497832775116"
"1175","6.946230888366699","6.946230888366699","6.946230888366699","4.160791903734207","4.160791903734207","4.160791903734207","1.4324179105460644","1.4324179105460644","1.4324179105460644","2.948322482407093","2.948322482407093","2.948322482407093","2.4122209697961807","2.4122209697961807","2.4122209697961807","4.229642748832703","4.229642748832703","4.229642748832703"
"1199","6.822662711143494","6.822662711143494","6.822662711143494","4.142207711935043","4.142207711935043","4.142207711935043","1.38169164955616","1.38169164955616","1.38169164955616","2.8482893630862236","2.8482893630862236","2.8482893630862236","2.339894078671932","2.339894078671932","2.339894078671932","4.270668268203735","4.270668268203735","4.270668268203735"
"1223","6.786258280277252","6.786258280277252","6.786258280277252","4.0577521324157715","4.0577521324157715","4.0577521324157715","1.4178487546741962","1.4178487546741962","1.4178487546741962","2.8175029903650284","2.8175029903650284","2.8175029903650284","2.2646862864494324","2.2646862864494324","2.2646862864494324","4.118917599320412","4.118917599320412","4.118917599320412"
"1247","6.552319586277008","6.552319586277008","6.552319586277008","3.967880219221115","3.967880219221115","3.967880219221115","1.2849376499652863","1.2849376499652863","1.2849376499652863","2.6133857145905495","2.6133857145905495","2.6133857145905495","2.0653636753559113","2.0653636753559113","2.0653636753559113","4.030552119016647","4.030552119016647","4.030552119016647"
"1271","6.502000093460083","6.502000093460083","6.502000093460083","3.9301279932260513","3.9301279932260513","3.9301279932260513","1.1873837355524302","1.1873837355524302","1.1873837355524302","2.478864334523678","2.478864334523678","2.478864334523678","1.9853993654251099","1.9853993654251099","1.9853993654251099","3.856732413172722","3.856732413172722","3.856732413172722"
"1295","6.396584838628769","6.396584838628769","6.396584838628769","3.85456882417202","3.85456882417202","3.85456882417202","1.0513027738779783","1.0513027738779783","1.0513027738779783","2.422682501375675","2.422682501375675","2.422682501375675","2.1567017883062363","2.1567017883062363","2.1567017883062363","3.793260306119919","3.793260306119919","3.793260306119919"
"1319","6.239363819360733","6.239363819360733","6.239363819360733","3.6934289783239365","3.6934289783239365","3.6934289783239365","1.0053900759667158","1.0053900759667158","1.0053900759667158","2.330088719725609","2.330088719725609","2.330088719725609","1.8839332833886147","1.8839332833886147","1.8839332833886147","3.696608155965805","3.696608155965805","3.696608155965805"
"1343","6.19541534781456","6.19541534781456","6.19541534781456","3.622804209589958","3.622804209589958","3.622804209589958","0.9028939306735992","0.9028939306735992","0.9028939306735992","2.132045656442642","2.132045656442642","2.132045656442642","1.8858895376324654","1.8858895376324654","1.8858895376324654","3.4949023723602295","3.4949023723602295","3.4949023723602295"
"1367","6.061274349689484","6.061274349689484","6.061274349689484","3.533698007464409","3.533698007464409","3.533698007464409","0.8768593408167362","0.8768593408167362","0.8768593408167362","2.174796298146248","2.174796298146248","2.174796298146248","1.7505246698856354","1.7505246698856354","1.7505246698856354","3.4650909900665283","3.4650909900665283","3.4650909900665283"
"1391","5.9492476135492325","5.9492476135492325","5.9492476135492325","3.490126594901085","3.490126594901085","3.490126594901085","0.8547332752496004","0.8547332752496004","0.8547332752496004","2.0508491471409798","2.0508491471409798","2.0508491471409798","1.7036529071629047","1.7036529071629047","1.7036529071629047","3.355165772140026","3.355165772140026","3.355165772140026"
"1415","5.765423983335495","5.765423983335495","5.765423983335495","3.4898885786533356","3.4898885786533356","3.4898885786533356","0.7039648983627558","0.7039648983627558","0.7039648983627558","1.9763703271746635","1.9763703271746635","1.9763703271746635","1.6053865440189838","1.6053865440189838","1.6053865440189838","3.2587619721889496","3.2587619721889496","3.2587619721889496"
"1439","5.719545140862465","5.719545140862465","5.719545140862465","3.3480633348226547","3.3480633348226547","3.3480633348226547","0.7278997860848904","0.7278997860848904","0.7278997860848904","1.949502520263195","1.949502520263195","1.949502520263195","1.5952801443636417","1.5952801443636417","1.5952801443636417","3.500697672367096","3.500697672367096","3.500697672367096"
"1463","5.6766465455293655","5.6766465455293655","5.6766465455293655","3.299721449613571","3.299721449613571","3.299721449613571","0.7125496752560139","0.7125496752560139","0.7125496752560139","1.778826229274273","1.778826229274273","1.778826229274273","1.5657823123037815","1.5657823123037815","1.5657823123037815","3.258977010846138","3.258977010846138","3.258977010846138"
"1487","5.554986342787743","5.554986342787743","5.554986342787743","3.2130945324897766","3.2130945324897766","3.2130945324897766","0.6273367144167423","0.6273367144167423","0.6273367144167423","1.6704068258404732","1.6704068258404732","1.6704068258404732","1.4930839948356152","1.4930839948356152","1.4930839948356152","3.0582998991012573","3.0582998991012573","3.0582998991012573"
"1511","5.462130770087242","5.462130770087242","5.462130770087242","3.121569372713566","3.121569372713566","3.121569372713566","0.5926556941121817","0.5926556941121817","0.5926556941121817","1.5576982647180557","1.5576982647180557","1.5576982647180557","1.4110896326601505","1.4110896326601505","1.4110896326601505","3.096458986401558","3.096458986401558","3.096458986401558"
"1535","5.331491470336914","5.331491470336914","5.331491470336914","3.0487938597798347","3.0487938597798347","3.0487938597798347","0.5834898706525564","0.5834898706525564","0.5834898706525564","1.4187460020184517","1.4187460020184517","1.4187460020184517","1.4053312614560127","1.4053312614560127","1.4053312614560127","3.1103445291519165","3.1103445291519165","3.1103445291519165"
"1559","5.235346645116806","5.235346645116806","5.235346645116806","2.9888279661536217","2.9888279661536217","2.9888279661536217","0.5245530884712934","0.5245530884712934","0.5245530884712934","1.3774394802749157","1.3774394802749157","1.3774394802749157","1.3906812705099583","1.3906812705099583","1.3906812705099583","2.9881754145026207","2.9881754145026207","2.9881754145026207"
"1583","5.117473781108856","5.117473781108856","5.117473781108856","2.941484645009041","2.941484645009041","2.941484645009041","0.5304057849571109","0.5304057849571109","0.5304057849571109","1.3974507935345173","1.3974507935345173","1.3974507935345173","1.3267998062074184","1.3267998062074184","1.3267998062074184","2.704418510198593","2.704418510198593","2.704418510198593"
"1607","5.0512500405311584","5.0512500405311584","5.0512500405311584","2.8415104299783707","2.8415104299783707","2.8415104299783707","0.4475921979174018","0.4475921979174018","0.4475921979174018","1.2464574463665485","1.2464574463665485","1.2464574463665485","1.2486791722476482","1.2486791722476482","1.2486791722476482","3.0597701892256737","3.0597701892256737","3.0597701892256737"
"1631","4.90624263882637","4.90624263882637","4.90624263882637","2.8608783185482025","2.8608783185482025","2.8608783185482025","0.4647805793210864","0.4647805793210864","0.4647805793210864","1.206618756055832","1.206618756055832","1.206618756055832","1.2508301511406898","1.2508301511406898","1.2508301511406898","2.9029594734311104","2.9029594734311104","2.9029594734311104"
"1655","4.867586776614189","4.867586776614189","4.867586776614189","2.7894642278552055","2.7894642278552055","2.7894642278552055","0.43032183684408665","0.43032183684408665","0.43032183684408665","1.186175536364317","1.186175536364317","1.186175536364317","1.091628359630704","1.091628359630704","1.091628359630704","2.806391090154648","2.806391090154648","2.806391090154648"
"1679","4.7186160534620285","4.7186160534620285","4.7186160534620285","2.6773599982261658","2.6773599982261658","2.6773599982261658","0.40816482435911894","0.40816482435911894","0.40816482435911894","1.1663906015455723","1.1663906015455723","1.1663906015455723","1.0913201048970222","1.0913201048970222","1.0913201048970222","2.695921517908573","2.695921517908573","2.695921517908573"
"1703","4.612853422760963","4.612853422760963","4.612853422760963","2.542455457150936","2.542455457150936","2.542455457150936","0.38759464863687754","0.38759464863687754","0.38759464863687754","1.0785744078457355","1.0785744078457355","1.0785744078457355","1.0925596952438354","1.0925596952438354","1.0925596952438354","2.7793530374765396","2.7793530374765396","2.7793530374765396"
"1727","4.529155716300011","4.529155716300011","4.529155716300011","2.6759023293852806","2.6759023293852806","2.6759023293852806","0.3627945352345705","0.3627945352345705","0.3627945352345705","1.0310841500759125","1.0310841500759125","1.0310841500759125","1.0134199038147926","1.0134199038147926","1.0134199038147926","2.576915867626667","2.576915867626667","2.576915867626667"
"1751","4.421315863728523","4.421315863728523","4.421315863728523","2.509276233613491","2.509276233613491","2.509276233613491","0.33690729923546314","0.33690729923546314","0.33690729923546314","0.946867149323225","0.946867149323225","0.946867149323225","0.9969213530421257","0.9969213530421257","0.9969213530421257","2.55217956751585","2.55217956751585","2.55217956751585"
"1775","4.3809149116277695","4.3809149116277695","4.3809149116277695","2.4166624769568443","2.4166624769568443","2.4166624769568443","0.32032711803913116","0.32032711803913116","0.32032711803913116","0.9981901124119759","0.9981901124119759","0.9981901124119759","0.9808173980563879","0.9808173980563879","0.9808173980563879","2.4649518355727196","2.4649518355727196","2.4649518355727196"
"1799","4.306272849440575","4.306272849440575","4.306272849440575","2.336436375975609","2.336436375975609","2.336436375975609","0.30035769660025835","0.30035769660025835","0.30035769660025835","0.9312389176338911","0.9312389176338911","0.9312389176338911","0.9271750394254923","0.9271750394254923","0.9271750394254923","2.2965447679162025","2.2965447679162025","2.2965447679162025"
"1823","4.208636850118637","4.208636850118637","4.208636850118637","2.216356575489044","2.216356575489044","2.216356575489044","0.2655245503410697","0.2655245503410697","0.2655245503410697","0.8516079001128674","0.8516079001128674","0.8516079001128674","0.8735364936292171","0.8735364936292171","0.8735364936292171","2.333983637392521","2.333983637392521","2.333983637392521"
"1847","4.0496416091918945","4.0496416091918945","4.0496416091918945","2.183430425822735","2.183430425822735","2.183430425822735","0.25974925700575113","0.25974925700575113","0.25974925700575113","0.8392485417425632","0.8392485417425632","0.8392485417425632","0.891359206289053","0.891359206289053","0.891359206289053","2.4619468934834003","2.4619468934834003","2.4619468934834003"
"1871","3.952230751514435","3.952230751514435","3.952230751514435","2.096677452325821","2.096677452325821","2.096677452325821","0.25087561644613743","0.25087561644613743","0.25087561644613743","0.8138545099645853","0.8138545099645853","0.8138545099645853","0.815437501296401","0.815437501296401","0.815437501296401","2.287756286561489","2.287756286561489","2.287756286561489"
"1895","3.962510198354721","3.962510198354721","3.962510198354721","2.089261904358864","2.089261904358864","2.089261904358864","0.24728944897651672","0.24728944897651672","0.24728944897651672","0.7308720629662275","0.7308720629662275","0.7308720629662275","0.791737062856555","0.791737062856555","0.791737062856555","2.2663553059101105","2.2663553059101105","2.2663553059101105"
"1919","3.8011633157730103","3.8011633157730103","3.8011633157730103","1.964062288403511","1.964062288403511","1.964062288403511","0.2542804041877389","0.2542804041877389","0.2542804041877389","0.6884608529508114","0.6884608529508114","0.6884608529508114","0.7846058588474989","0.7846058588474989","0.7846058588474989","2.215839609503746","2.215839609503746","2.215839609503746"
"1943","3.767452120780945","3.767452120780945","3.767452120780945","1.9504957869648933","1.9504957869648933","1.9504957869648933","0.23079562932252884","0.23079562932252884","0.23079562932252884","0.6886729504913092","0.6886729504913092","0.6886729504913092","0.8120935894548893","0.8120935894548893","0.8120935894548893","2.1575176268815994","2.1575176268815994","2.1575176268815994"
"1967","3.639715999364853","3.639715999364853","3.639715999364853","1.888513334095478","1.888513334095478","1.888513334095478","0.22261775378137827","0.22261775378137827","0.22261775378137827","0.6062053591012955","0.6062053591012955","0.6062053591012955","0.7576183341443539","0.7576183341443539","0.7576183341443539","2.0807660184800625","2.0807660184800625","2.0807660184800625"
"1991","3.5178791731595993","3.5178791731595993","3.5178791731595993","1.8921191021800041","1.8921191021800041","1.8921191021800041","0.22598587768152356","0.22598587768152356","0.22598587768152356","0.6048010494560003","0.6048010494560003","0.6048010494560003","0.752144817262888","0.752144817262888","0.752144817262888","2.1003068909049034","2.1003068909049034","2.1003068909049034"
"2015","3.4479324370622635","3.4479324370622635","3.4479324370622635","1.8846259489655495","1.8846259489655495","1.8846259489655495","0.21510154474526644","0.21510154474526644","0.21510154474526644","0.5879136119037867","0.5879136119037867","0.5879136119037867","0.7159411981701851","0.7159411981701851","0.7159411981701851","2.095739684998989","2.095739684998989","2.095739684998989"
"2039","3.3499031960964203","3.3499031960964203","3.3499031960964203","1.7674495875835419","1.7674495875835419","1.7674495875835419","0.20722450781613588","0.20722450781613588","0.20722450781613588","0.5445800870656967","0.5445800870656967","0.5445800870656967","0.6685256101191044","0.6685256101191044","0.6685256101191044","2.031194783747196","2.031194783747196","2.031194783747196"
"2063","3.298955515027046","3.298955515027046","3.298955515027046","1.713609628379345","1.713609628379345","1.713609628379345","0.20110419252887368","0.20110419252887368","0.20110419252887368","0.508148493245244","0.508148493245244","0.508148493245244","0.6237053871154785","0.6237053871154785","0.6237053871154785","1.8522900305688381","1.8522900305688381","1.8522900305688381"
"2087","3.1597731560468674","3.1597731560468674","3.1597731560468674","1.6475145891308784","1.6475145891308784","1.6475145891308784","0.20368586853146553","0.20368586853146553","0.20368586853146553","0.4909073989838362","0.4909073989838362","0.4909073989838362","0.6191330626606941","0.6191330626606941","0.6191330626606941","1.9332103841006756","1.9332103841006756","1.9332103841006756"
"2111","3.086017854511738","3.086017854511738","3.086017854511738","1.6206410229206085","1.6206410229206085","1.6206410229206085","0.19343474227935076","0.19343474227935076","0.19343474227935076","0.4769647028297186","0.4769647028297186","0.4769647028297186","0.6077585816383362","0.6077585816383362","0.6077585816383362","1.8588907942175865","1.8588907942175865","1.8588907942175865"
"2135","3.0798581019043922","3.0798581019043922","3.0798581019043922","1.5291126668453217","1.5291126668453217","1.5291126668453217","0.1870693126693368","0.1870693126693368","0.1870693126693368","0.46796099562197924","0.46796099562197924","0.46796099562197924","0.6173331420868635","0.6173331420868635","0.6173331420868635","1.8114519082009792","1.8114519082009792","1.8114519082009792"
"2159","2.9609343335032463","2.9609343335032463","2.9609343335032463","1.5389616005122662","1.5389616005122662","1.5389616005122662","0.18099727435037494","0.18099727435037494","0.18099727435037494","0.4387851879000664","0.4387851879000664","0.4387851879000664","0.5839181523770094","0.5839181523770094","0.5839181523770094","1.9489420428872108","1.9489420428872108","1.9489420428872108"
"2183","2.932153359055519","2.932153359055519","2.932153359055519","1.463665183633566","1.463665183633566","1.463665183633566","0.18894520169124007","0.18894520169124007","0.18894520169124007","0.43590363021939993","0.43590363021939993","0.43590363021939993","0.5439243754372001","0.5439243754372001","0.5439243754372001","1.7468358911573887","1.7468358911573887","1.7468358911573887"
"2207","2.7721557915210724","2.7721557915210724","2.7721557915210724","1.4143776446580887","1.4143776446580887","1.4143776446580887","0.17804835038259625","0.17804835038259625","0.17804835038259625","0.4218573272228241","0.4218573272228241","0.4218573272228241","0.5414520129561424","0.5414520129561424","0.5414520129561424","1.857489362359047","1.857489362359047","1.857489362359047"
"2231","2.649272173643112","2.649272173643112","2.649272173643112","1.358667477965355","1.358667477965355","1.358667477965355","0.1814587153494358","0.1814587153494358","0.1814587153494358","0.40190431009978056","0.40190431009978056","0.40190431009978056","0.5170735064893961","0.5170735064893961","0.5170735064893961","1.6901192851364613","1.6901192851364613","1.6901192851364613"
"2255","2.612757593393326","2.612757593393326","2.612757593393326","1.2783517837524414","1.2783517837524414","1.2783517837524414","0.1714516174979508","0.1714516174979508","0.1714516174979508","0.3876013681292534","0.3876013681292534","0.3876013681292534","0.48410035856068134","0.48410035856068134","0.48410035856068134","1.7241962179541588","1.7241962179541588","1.7241962179541588"
"2279","2.519200548529625","2.519200548529625","2.519200548529625","1.2769593708217144","1.2769593708217144","1.2769593708217144","0.17381478566676378","0.17381478566676378","0.17381478566676378","0.36966982297599316","0.36966982297599316","0.36966982297599316","0.49436283577233553","0.49436283577233553","0.49436283577233553","1.718309298157692","1.718309298157692","1.718309298157692"
"2303","2.3184239640831947","2.3184239640831947","2.3184239640831947","1.1978410705924034","1.1978410705924034","1.1978410705924034","0.1778918318450451","0.1778918318450451","0.1778918318450451","0.3386584594845772","0.3386584594845772","0.3386584594845772","0.4802143732085824","0.4802143732085824","0.4802143732085824","1.6452313251793385","1.6452313251793385","1.6452313251793385"
"2327","2.3173557221889496","2.3173557221889496","2.3173557221889496","1.16891373321414","1.16891373321414","1.16891373321414","0.17450789315626025","0.17450789315626025","0.17450789315626025","0.3274950375780463","0.3274950375780463","0.3274950375780463","0.47119527123868465","0.47119527123868465","0.47119527123868465","1.595234725624323","1.595234725624323","1.595234725624323"
"2351","2.258497752249241","2.258497752249241","2.258497752249241","1.1705875210464","1.1705875210464","1.1705875210464","0.16026718588545918","0.16026718588545918","0.16026718588545918","0.3260575635358691","0.3260575635358691","0.3260575635358691","0.4459656774997711","0.4459656774997711","0.4459656774997711","1.6554284989833832","1.6554284989833832","1.6554284989833832"
"2375","2.2380200624465942","2.2380200624465942","2.2380200624465942","1.1219250820577145","1.1219250820577145","1.1219250820577145","0.16944375913590193","0.16944375913590193","0.16944375913590193","0.3050212459638715","0.3050212459638715","0.3050212459638715","0.4428221099078655","0.4428221099078655","0.4428221099078655","1.6098635457456112","1.6098635457456112","1.6098635457456112"
"2399","2.2117162719368935","2.2117162719368935","2.2117162719368935","1.038061447441578","1.038061447441578","1.038061447441578","0.15907648717984557","0.15907648717984557","0.15907648717984557","0.29386226180940866","0.29386226180940866","0.29386226180940866","0.41900855489075184","0.41900855489075184","0.41900855489075184","1.5752952955663204","1.5752952955663204","1.5752952955663204"
"2423","2.081061214208603","2.081061214208603","2.081061214208603","1.002025444060564","1.002025444060564","1.002025444060564","0.16064250748604536","0.16064250748604536","0.16064250748604536","0.2920128619298339","0.2920128619298339","0.2920128619298339","0.4112367946654558","0.4112367946654558","0.4112367946654558","1.4733901135623455","1.4733901135623455","1.4733901135623455"
"2447","1.9698156863451004","1.9698156863451004","1.9698156863451004","0.956342052668333","0.956342052668333","0.956342052668333","0.15895115491002798","0.15895115491002798","0.15895115491002798","0.2698984919115901","0.2698984919115901","0.2698984919115901","0.3990588365122676","0.3990588365122676","0.3990588365122676","1.561154868453741","1.561154868453741","1.561154868453741"
"2471","1.95831198990345","1.95831198990345","1.95831198990345","0.9365056306123734","0.9365056306123734","0.9365056306123734","0.1588591909967363","0.1588591909967363","0.1588591909967363","0.2595298867672682","0.2595298867672682","0.2595298867672682","0.4078319789841771","0.4078319789841771","0.4078319789841771","1.525735531002283","1.525735531002283","1.525735531002283"
"2495","1.9050701037049294","1.9050701037049294","1.9050701037049294","0.9243826940655708","0.9243826940655708","0.9243826940655708","0.1549871163442731","0.1549871163442731","0.1549871163442731","0.26483467128127813","0.26483467128127813","0.26483467128127813","0.3786312686279416","0.3786312686279416","0.3786312686279416","1.464363906532526","1.464363906532526","1.464363906532526"
"2519","1.7605447135865688","1.7605447135865688","1.7605447135865688","0.889433179050684","0.889433179050684","0.889433179050684","0.1532674846239388","0.1532674846239388","0.1532674846239388","0.24631922785192728","0.24631922785192728","0.24631922785192728","0.3930637687444687","0.3930637687444687","0.3930637687444687","1.4774596355855465","1.4774596355855465","1.4774596355855465"
"2543","1.8773300647735596","1.8773300647735596","1.8773300647735596","0.8192768767476082","0.8192768767476082","0.8192768767476082","0.15421457355841994","0.15421457355841994","0.15421457355841994","0.2438574442639947","0.2438574442639947","0.2438574442639947","0.3675358947366476","0.3675358947366476","0.3675358947366476","1.436707053333521","1.436707053333521","1.436707053333521"
"2567","1.7682129256427288","1.7682129256427288","1.7682129256427288","0.8127146176993847","0.8127146176993847","0.8127146176993847","0.15511908382177353","0.15511908382177353","0.15511908382177353","0.23588011041283607","0.23588011041283607","0.23588011041283607","0.3514540260657668","0.3514540260657668","0.3514540260657668","1.4122634753584862","1.4122634753584862","1.4122634753584862"
"2591","1.6640390865504742","1.6640390865504742","1.6640390865504742","0.7955853920429945","0.7955853920429945","0.7955853920429945","0.15692869341000915","0.15692869341000915","0.15692869341000915","0.23676787642762065","0.23676787642762065","0.23676787642762065","0.34032186679542065","0.34032186679542065","0.34032186679542065","1.3622149489820004","1.3622149489820004","1.3622149489820004"
"2615","1.6183918938040733","1.6183918938040733","1.6183918938040733","0.7399389166384935","0.7399389166384935","0.7399389166384935","0.1496834857389331","0.1496834857389331","0.1496834857389331","0.22884256625548005","0.22884256625548005","0.22884256625548005","0.3244902603328228","0.3244902603328228","0.3244902603328228","1.4077378623187542","1.4077378623187542","1.4077378623187542"
"2639","1.6075283885002136","1.6075283885002136","1.6075283885002136","0.7213607802987099","0.7213607802987099","0.7213607802987099","0.14995153388008475","0.14995153388008475","0.14995153388008475","0.21733931871131063","0.21733931871131063","0.21733931871131063","0.3297633146867156","0.3297633146867156","0.3297633146867156","1.3779431954026222","1.3779431954026222","1.3779431954026222"
"2663","1.6023757718503475","1.6023757718503475","1.6023757718503475","0.6782684102654457","0.6782684102654457","0.6782684102654457","0.1446064943447709","0.1446064943447709","0.1446064943447709","0.22384890215471387","0.22384890215471387","0.22384890215471387","0.32166767679154873","0.32166767679154873","0.32166767679154873","1.279432661831379","1.279432661831379","1.279432661831379"
"2687","1.4672081917524338","1.4672081917524338","1.4672081917524338","0.6649633422493935","0.6649633422493935","0.6649633422493935","0.14200586825609207","0.14200586825609207","0.14200586825609207","0.2304298714734614","0.2304298714734614","0.2304298714734614","0.31879117153584957","0.31879117153584957","0.31879117153584957","1.303177833557129","1.303177833557129","1.303177833557129"
"2711","1.41765096783638","1.41765096783638","1.41765096783638","0.6883711945265532","0.6883711945265532","0.6883711945265532","0.14467973168939352","0.14467973168939352","0.14467973168939352","0.20251370500773191","0.20251370500773191","0.20251370500773191","0.30836680717766285","0.30836680717766285","0.30836680717766285","1.2429469898343086","1.2429469898343086","1.2429469898343086"
"2735","1.4503235816955566","1.4503235816955566","1.4503235816955566","0.6715860571712255","0.6715860571712255","0.6715860571712255","0.13718087458983064","0.13718087458983064","0.13718087458983064","0.1956614889204502","0.1956614889204502","0.1956614889204502","0.3026069290935993","0.3026069290935993","0.3026069290935993","1.29811648465693","1.29811648465693","1.29811648465693"
"2759","1.3686375841498375","1.3686375841498375","1.3686375841498375","0.616188419982791","0.616188419982791","0.616188419982791","0.14116589445620775","0.14116589445620775","0.14116589445620775","0.18531208904460073","0.18531208904460073","0.18531208904460073","0.301626562140882","0.301626562140882","0.301626562140882","1.2984659038484097","1.2984659038484097","1.2984659038484097"
"2783","1.3174854777753353","1.3174854777753353","1.3174854777753353","0.5791726186871529","0.5791726186871529","0.5791726186871529","0.13757122261449695","0.13757122261449695","0.13757122261449695","0.18953551584854722","0.18953551584854722","0.18953551584854722","0.2937618959695101","0.2937618959695101","0.2937618959695101","1.2863973919302225","1.2863973919302225","1.2863973919302225"
"2807","1.210061278194189","1.210061278194189","1.210061278194189","0.5461454503238201","0.5461454503238201","0.5461454503238201","0.13715690979734063","0.13715690979734063","0.13715690979734063","0.18017681362107396","0.18017681362107396","0.18017681362107396","0.290793820284307","0.290793820284307","0.290793820284307","1.1727175489068031","1.1727175489068031","1.1727175489068031"
"2831","1.2432819232344627","1.2432819232344627","1.2432819232344627","0.5155477952212095","0.5155477952212095","0.5155477952212095","0.1361101157963276","0.1361101157963276","0.1361101157963276","0.1915215994231403","0.1915215994231403","0.1915215994231403","0.27676969580352306","0.27676969580352306","0.27676969580352306","1.1424822881817818","1.1424822881817818","1.1424822881817818"
"2855","1.1898413188755512","1.1898413188755512","1.1898413188755512","0.49142000265419483","0.49142000265419483","0.49142000265419483","0.13901021564379334","0.13901021564379334","0.13901021564379334","0.18432984920218587","0.18432984920218587","0.18432984920218587","0.27303288597613573","0.27303288597613573","0.27303288597613573","1.207470253109932","1.207470253109932","1.207470253109932"
"2879","1.1739877611398697","1.1739877611398697","1.1739877611398697","0.4654877260327339","0.4654877260327339","0.4654877260327339","0.13483914965763688","0.13483914965763688","0.13483914965763688","0.1731878686696291","0.1731878686696291","0.1731878686696291","0.2722607394680381","0.2722607394680381","0.2722607394680381","1.2101947776973248","1.2101947776973248","1.2101947776973248"
"2903","1.1767651252448559","1.1767651252448559","1.1767651252448559","0.45569871738553047","0.45569871738553047","0.45569871738553047","0.13590977899730206","0.13590977899730206","0.13590977899730206","0.16560915624722838","0.16560915624722838","0.16560915624722838","0.2630903124809265","0.2630903124809265","0.2630903124809265","1.1732231490314007","1.1732231490314007","1.1732231490314007"
"2927","1.0169324930757284","1.0169324930757284","1.0169324930757284","0.428238095715642","0.428238095715642","0.428238095715642","0.13377959188073874","0.13377959188073874","0.13377959188073874","0.17284215707331896","0.17284215707331896","0.17284215707331896","0.26628890819847584","0.26628890819847584","0.26628890819847584","1.167700182646513","1.167700182646513","1.167700182646513"
"2951","1.1036110259592533","1.1036110259592533","1.1036110259592533","0.42782245203852654","0.42782245203852654","0.42782245203852654","0.12675711791962385","0.12675711791962385","0.12675711791962385","0.1692173397168517","0.1692173397168517","0.1692173397168517","0.24830727046355605","0.24830727046355605","0.24830727046355605","1.1317684091627598","1.1317684091627598","1.1317684091627598"
"2975","1.0504266563802958","1.0504266563802958","1.0504266563802958","0.4057660140097141","0.4057660140097141","0.4057660140097141","0.13190507283434272","0.13190507283434272","0.13190507283434272","0.16182043217122555","0.16182043217122555","0.16182043217122555","0.2521707681007683","0.2521707681007683","0.2521707681007683","1.0291295684874058","1.0291295684874058","1.0291295684874058"
"2999","1.02237181738019","1.02237181738019","1.02237181738019","0.3953499672934413","0.3953499672934413","0.3953499672934413","0.13259007968008518","0.13259007968008518","0.13259007968008518","0.16276073781773448","0.16276073781773448","0.16276073781773448","0.2500493638217449","0.2500493638217449","0.2500493638217449","1.0117855109274387","1.0117855109274387","1.0117855109274387"
"3023","1.0293566528707743","1.0293566528707743","1.0293566528707743","0.3703829701989889","0.3703829701989889","0.3703829701989889","0.12551909871399403","0.12551909871399403","0.12551909871399403","0.16189589211717248","0.16189589211717248","0.16189589211717248","0.2439364129677415","0.2439364129677415","0.2439364129677415","1.144673204049468","1.144673204049468","1.144673204049468"
"3047","1.0049479380249977","1.0049479380249977","1.0049479380249977","0.356611461378634","0.356611461378634","0.356611461378634","0.12660312512889504","0.12660312512889504","0.12660312512889504","0.1591110765002668","0.1591110765002668","0.1591110765002668","0.2326062936335802","0.2326062936335802","0.2326062936335802","1.099456924945116","1.099456924945116","1.099456924945116"
"3071","0.9615057874470949","0.9615057874470949","0.9615057874470949","0.34236160665750504","0.34236160665750504","0.34236160665750504","0.12515305168926716","0.12515305168926716","0.12515305168926716","0.15101223858073354","0.15101223858073354","0.15101223858073354","0.230991474352777","0.230991474352777","0.230991474352777","0.9806257411837578","0.9806257411837578","0.9806257411837578"
"3095","0.879312427714467","0.879312427714467","0.879312427714467","0.3271282194182277","0.3271282194182277","0.3271282194182277","0.12908498430624604","0.12908498430624604","0.12908498430624604","0.14939367631450295","0.14939367631450295","0.14939367631450295","0.2360232062637806","0.2360232062637806","0.2360232062637806","1.038237925618887","1.038237925618887","1.038237925618887"
"3119","0.8528568502515554","0.8528568502515554","0.8528568502515554","0.3263906817883253","0.3263906817883253","0.3263906817883253","0.12837746506556869","0.12837746506556869","0.12837746506556869","0.14876830158755183","0.14876830158755183","0.14876830158755183","0.22058676555752754","0.22058676555752754","0.22058676555752754","0.9761827159672976","0.9761827159672976","0.9761827159672976"
"3143","0.9013034403324127","0.9013034403324127","0.9013034403324127","0.30728944577276707","0.30728944577276707","0.30728944577276707","0.13043524278327823","0.13043524278327823","0.13043524278327823","0.1472597257234156","0.1472597257234156","0.1472597257234156","0.2123523992486298","0.2123523992486298","0.2123523992486298","1.0908137038350105","1.0908137038350105","1.0908137038350105"
"3167","0.8642296548932791","0.8642296548932791","0.8642296548932791","0.30365965608507395","0.30365965608507395","0.30365965608507395","0.12342166155576706","0.12342166155576706","0.12342166155576706","0.1525706658139825","0.1525706658139825","0.1525706658139825","0.22004029899835587","0.22004029899835587","0.22004029899835587","0.9593397937715054","0.9593397937715054","0.9593397937715054"
"3191","0.8464019279927015","0.8464019279927015","0.8464019279927015","0.28822287544608116","0.28822287544608116","0.28822287544608116","0.1254423912614584","0.1254423912614584","0.1254423912614584","0.14036527229472995","0.14036527229472995","0.14036527229472995","0.21461949637159705","0.21461949637159705","0.21461949637159705","1.0171915888786316","1.0171915888786316","1.0171915888786316"
"3215","0.8868358451873064","0.8868358451873064","0.8868358451873064","0.2850035084411502","0.2850035084411502","0.2850035084411502","0.12838817574083805","0.12838817574083805","0.12838817574083805","0.1400985848158598","0.1400985848158598","0.1400985848158598","0.22812032420188189","0.22812032420188189","0.22812032420188189","0.9427357167005539","0.9427357167005539","0.9427357167005539"
"3239","0.8468845877796412","0.8468845877796412","0.8468845877796412","0.2797537846490741","0.2797537846490741","0.2797537846490741","0.12230391195043921","0.12230391195043921","0.12230391195043921","0.13663723226636648","0.13663723226636648","0.13663723226636648","0.21012243395671248","0.21012243395671248","0.21012243395671248","0.9258414264768362","0.9258414264768362","0.9258414264768362"
"3263","0.7969868294894695","0.7969868294894695","0.7969868294894695","0.2657449385151267","0.2657449385151267","0.2657449385151267","0.12285350076854229","0.12285350076854229","0.12285350076854229","0.1396587286144495","0.1396587286144495","0.1396587286144495","0.21714490372687578","0.21714490372687578","0.21714490372687578","0.9600047282874584","0.9600047282874584","0.9600047282874584"
"3287","0.7127276118844748","0.7127276118844748","0.7127276118844748","0.25505322124809027","0.25505322124809027","0.25505322124809027","0.11652622744441032","0.11652622744441032","0.11652622744441032","0.14142181305214763","0.14142181305214763","0.14142181305214763","0.19490298815071583","0.19490298815071583","0.19490298815071583","0.8754416722804308","0.8754416722804308","0.8754416722804308"
"3311","0.7166775669902563","0.7166775669902563","0.7166775669902563","0.24321628361940384","0.24321628361940384","0.24321628361940384","0.11890455801039934","0.11890455801039934","0.11890455801039934","0.1417740983888507","0.1417740983888507","0.1417740983888507","0.20200019096955657","0.20200019096955657","0.20200019096955657","0.8235321696847677","0.8235321696847677","0.8235321696847677"
"3335","0.7265645638108253","0.7265645638108253","0.7265645638108253","0.2396596698090434","0.2396596698090434","0.2396596698090434","0.11822345899417996","0.11822345899417996","0.11822345899417996","0.14225243870168924","0.14225243870168924","0.14225243870168924","0.1967035634443164","0.1967035634443164","0.1967035634443164","0.8015012908726931","0.8015012908726931","0.8015012908726931"
"3359","0.6852936334908009","0.6852936334908009","0.6852936334908009","0.23078737407922745","0.23078737407922745","0.23078737407922745","0.11958286911249161","0.11958286911249161","0.11958286911249161","0.13496131403371692","0.13496131403371692","0.13496131403371692","0.20200348272919655","0.20200348272919655","0.20200348272919655","0.8570339977741241","0.8570339977741241","0.8570339977741241"
"3383","0.6845545787364244","0.6845545787364244","0.6845545787364244","0.22415876016020775","0.22415876016020775","0.22415876016020775","0.12073065293952823","0.12073065293952823","0.12073065293952823","0.13280241377651691","0.13280241377651691","0.13280241377651691","0.19088418688625097","0.19088418688625097","0.19088418688625097","0.8557424899190664","0.8557424899190664","0.8557424899190664"
"3407","0.6890343744307756","0.6890343744307756","0.6890343744307756","0.2274075746536255","0.2274075746536255","0.2274075746536255","0.11434459034353495","0.11434459034353495","0.11434459034353495","0.13558126986026764","0.13558126986026764","0.13558126986026764","0.1949170744046569","0.1949170744046569","0.1949170744046569","0.8166111297905445","0.8166111297905445","0.8166111297905445"
"3431","0.6790971914306283","0.6790971914306283","0.6790971914306283","0.221205098554492","0.221205098554492","0.221205098554492","0.12042112881317735","0.12042112881317735","0.12042112881317735","0.13447693130001426","0.13447693130001426","0.13447693130001426","0.19511079974472523","0.19511079974472523","0.19511079974472523","0.7643794640898705","0.7643794640898705","0.7643794640898705"
"3455","0.6462083961814642","0.6462083961814642","0.6462083961814642","0.2116173366084695","0.2116173366084695","0.2116173366084695","0.12375154998153448","0.12375154998153448","0.12375154998153448","0.13188475091010332","0.13188475091010332","0.13188475091010332","0.19502726942300797","0.19502726942300797","0.19502726942300797","0.7762280162423849","0.7762280162423849","0.7762280162423849"
"3479","0.5755211375653744","0.5755211375653744","0.5755211375653744","0.21024479251354933","0.21024479251354933","0.21024479251354933","0.12007606495171785","0.12007606495171785","0.12007606495171785","0.13163822144269943","0.13163822144269943","0.13163822144269943","0.19227754091843963","0.19227754091843963","0.19227754091843963","0.7777618505060673","0.7777618505060673","0.7777618505060673"
"3503","0.5514729842543602","0.5514729842543602","0.5514729842543602","0.20070019457489252","0.20070019457489252","0.20070019457489252","0.11665885918773711","0.11665885918773711","0.11665885918773711","0.13196710124611855","0.13196710124611855","0.13196710124611855","0.1920856791548431","0.1920856791548431","0.1920856791548431","0.77172233723104","0.77172233723104","0.77172233723104"
"3527","0.6025767717510462","0.6025767717510462","0.6025767717510462","0.19717062916606665","0.19717062916606665","0.19717062916606665","0.11944624362513423","0.11944624362513423","0.11944624362513423","0.13349877344444394","0.13349877344444394","0.13349877344444394","0.1862859921529889","0.1862859921529889","0.1862859921529889","0.8178659565746784","0.8178659565746784","0.8178659565746784"
"3551","0.5579252289608121","0.5579252289608121","0.5579252289608121","0.1987300692126155","0.1987300692126155","0.1987300692126155","0.11643834272399545","0.11643834272399545","0.11643834272399545","0.129224409814924","0.129224409814924","0.129224409814924","0.19084271043539047","0.19084271043539047","0.19084271043539047","0.7415932640433311","0.7415932640433311","0.7415932640433311"
"3575","0.5499963788315654","0.5499963788315654","0.5499963788315654","0.2003584555350244","0.2003584555350244","0.2003584555350244","0.11854574317112565","0.11854574317112565","0.11854574317112565","0.12222630949690938","0.12222630949690938","0.12222630949690938","0.18219480523839593","0.18219480523839593","0.18219480523839593","0.7801176626235247","0.7801176626235247","0.7801176626235247"
"3599","0.5587612790986896","0.5587612790986896","0.5587612790986896","0.18205136572942138","0.18205136572942138","0.18205136572942138","0.11706198053434491","0.11706198053434491","0.11706198053434491","0.13356432830914855","0.13356432830914855","0.13356432830914855","0.17747222306206822","0.17747222306206822","0.17747222306206822","0.7431650124490261","0.7431650124490261","0.7431650124490261"